source_name,code,name_en,name_bn,division,division_bn,seats
Bagerhat,bagerhat,Bagerhat,বাগেরহাট,khulna,খুলনা,4
Bandarban,bandarban,Bandarban,বান্দরবান,chattogram,চট্টগ্রাম,1
Barguna,barguna,Barguna,বরগুনা,barishal,বরিশাল,2
Barisal,barishal,Barishal,বরিশাল,barishal,বরিশাল,6
Bhola,bhola,Bhola,ভোলা,barishal,বরিশাল,4
Bogra,bogura,Bogura,বগুড়া,rajshahi,রাজশাহী,7
Brahamanbaria,brahmanbaria,Brahmanbaria,ব্রাহ্মণবাড়িয়া,chattogram,চট্টগ্রাম,6
Chandpur,chandpur,Chandpur,চাঁদপুর,chattogram,চট্টগ্রাম,5
Chittagong,chattogram,Chattogram,চট্টগ্রাম,chattogram,চট্টগ্রাম,16
Chuadanga,chuadanga,Chuadanga,চুয়াডাঙ্গা,khulna,খুলনা,2
Comilla,cumilla,Cumilla,কুমিল্লা,chattogram,চট্টগ্রাম,11
Cox's Bazar,coxsbazar,Cox's Bazar,কক্সবাজার,chattogram,চট্টগ্রাম,4
Dhaka,dhaka,Dhaka,ঢাকা,dhaka,ঢাকা,20
Dinajpur,dinajpur,Dinajpur,দিনাজপুর,rangpur,রংপুর,6
Faridpur,faridpur,Faridpur,ফরিদপুর,dhaka,ঢাকা,4
Feni,feni,Feni,ফেনী,chattogram,চট্টগ্রাম,3
Gaibandha,gaibandha,Gaibandha,গাইবান্ধা,rangpur,রংপুর,5
Gazipur,gazipur,Gazipur,গাজীপুর,dhaka,ঢাকা,5
Gopalganj,gopalganj,Gopalganj,গোপালগঞ্জ,dhaka,ঢাকা,3
Habiganj,habiganj,Habiganj,হবিগঞ্জ,sylhet,সিলেট,4
Jamalpur,jamalpur,Jamalpur,জামালপুর,mymensingh,ময়মনসিংহ,5
Jessore,jashore,Jashore,যশোর,khulna,খুলনা,6
Jhalokati,jhalokati,Jhalokati,ঝালকাঠি,barishal,বরিশাল,2
Jhenaidah,jhenaidah,Jhenaidah,ঝিনাইদহ,khulna,খুলনা,4
Joypurhat,joypurhat,Joypurhat,জয়পুরহাট,rajshahi,রাজশাহী,2
Khagrachhari,khagrachhari,Khagrachhari,খাগড়াছড়ি,chattogram,চট্টগ্রাম,1
Khulna,khulna,Khulna,খুলনা,khulna,খুলনা,6
Kishoreganj,kishoreganj,Kishoreganj,কিশোরগঞ্জ,dhaka,ঢাকা,6
Kurigram,kurigram,Kurigram,কুড়িগ্রাম,rangpur,রংপুর,4
Kushtia,kushtia,Kushtia,কুষ্টিয়া,khulna,খুলনা,4
Lakshmipur,lakshmipur,Lakshmipur,লক্ষ্মীপুর,chattogram,চট্টগ্রাম,4
Lalmonirhat,lalmonirhat,Lalmonirhat,লালমনিরহাট,rangpur,রংপুর,3
Madaripur,madaripur,Madaripur,মাদারীপুর,dhaka,ঢাকা,3
Magura,magura,Magura,মাগুরা,khulna,খুলনা,2
Manikganj,manikganj,Manikganj,মানিকগঞ্জ,dhaka,ঢাকা,3
Maulvibazar,moulvibazar,Moulvibazar,মৌলভীবাজার,sylhet,সিলেট,4
Meherpur,meherpur,Meherpur,মেহেরপুর,khulna,খুলনা,2
Munshiganj,munshiganj,Munshiganj,মুন্সীগঞ্জ,dhaka,ঢাকা,3
Mymensingh,mymensingh,Mymensingh,ময়মনসিংহ,mymensingh,ময়মনসিংহ,11
Naogaon,naogaon,Naogaon,নওগাঁ,rajshahi,রাজশাহী,6
Narail,narail,Narail,নড়াইল,khulna,খুলনা,2
Narayanganj,narayanganj,Narayanganj,নারায়ণগঞ্জ,dhaka,ঢাকা,5
Narsingdi,narsingdi,Narsingdi,নরসিংদী,dhaka,ঢাকা,5
Natore,natore,Natore,নাটোর,rajshahi,রাজশাহী,4
Nawabganj,chapainawabganj,Chapainawabganj,চাঁপাইনবাবগঞ্জ,rajshahi,রাজশাহী,3
Netrakona,netrokona,Netrokona,নেত্রকোনা,mymensingh,ময়মনসিংহ,5
Nilphamari,nilphamari,Nilphamari,নীলফামারী,rangpur,রংপুর,4
Noakhali,noakhali,Noakhali,নোয়াখালী,chattogram,চট্টগ্রাম,6
Pabna,pabna,Pabna,পাবনা,rajshahi,রাজশাহী,5
Panchagarh,panchagarh,Panchagarh,পঞ্চগড়,rangpur,রংপুর,2
Patuakhali,patuakhali,Patuakhali,পটুয়াখালী,barishal,বরিশাল,4
Pirojpur,pirojpur,Pirojpur,পিরোজপুর,barishal,বরিশাল,3
Rajbari,rajbari,Rajbari,রাজবাড়ী,dhaka,ঢাকা,2
Rajshahi,rajshahi,Rajshahi,রাজশাহী,rajshahi,রাজশাহী,6
Rangamati,rangamati,Rangamati,রাঙ্গামাটি,chattogram,চট্টগ্রাম,1
Rangpur,rangpur,Rangpur,রংপুর,rangpur,রংপুর,6
Satkhira,satkhira,Satkhira,সাতক্ষীরা,khulna,খুলনা,4
Shariatpur,shariatpur,Shariatpur,শরীয়তপুর,dhaka,ঢাকা,3
Sherpur,sherpur,Sherpur,শেরপুর,mymensingh,ময়মনসিংহ,3
Sirajganj,sirajganj,Sirajganj,সিরাজগঞ্জ,rajshahi,রাজশাহী,6
Sunamganj,sunamganj,Sunamganj,সুনামগঞ্জ,sylhet,সিলেট,5
Sylhet,sylhet,Sylhet,সিলেট,sylhet,সিলেট,6
Tangail,tangail,Tangail,টাঙ্গাইল,dhaka,ঢাকা,8
Thakurgaon,thakurgaon,Thakurgaon,ঠাকুরগাঁও,rangpur,রংপুর,3
